fecha_hora,temperatura_c,consumo_kw,estado
2026-09-21 00:00,184.0,142.5,marcha
2026-09-21 01:00,186.3,141.9,marcha
2026-09-21 02:00,184.9,142.9,marcha
2026-09-21 03:00,186.8,144.7,marcha
2026-09-21 04:00,185.8,142.2,marcha
2026-09-21 05:00,187.5,144.5,marcha
2026-09-21 06:00,188.2,145.2,marcha
2026-09-21 07:00,186.9,143.6,marcha
2026-09-21 08:00,188.8,143.4,marcha
2026-09-21 09:00,185.8,142.0,marcha
2026-09-21 10:00,186.1,143.2,marcha
2026-09-21 11:00,185.2,142.4,marcha
2026-09-21 12:00,185.2,142.8,marcha
2026-09-21 13:00,185.4,141.7,marcha
2026-09-21 14:00,182.6,141.8,marcha
2026-09-21 15:00,182.5,140.4,marcha
2026-09-21 16:00,182.1,140.3,marcha
2026-09-21 17:00,182.4,140.3,marcha
2026-09-21 18:00,185.6,139.9,marcha
2026-09-21 19:00,183.7,138.5,marcha
2026-09-21 20:00,183.0,141.1,marcha
2026-09-21 21:00,183.5,141.0,marcha
2026-09-21 22:00,184.1,139.8,marcha
2026-09-21 23:00,184.9,140.5,marcha
2026-09-22 00:00,186.5,141.4,marcha
2026-09-22 01:00,186.1,142.5,marcha
2026-09-22 02:00,186.8,142.3,marcha
2026-09-22 03:00,187.2,143.3,marcha
2026-09-22 04:00,187.7,144.5,marcha
2026-09-22 05:00,187.0,143.0,marcha
2026-09-22 06:00,187.6,144.6,marcha
2026-09-22 07:00,188.2,143.5,marcha
2026-09-22 08:00,187.2,144.3,marcha
2026-09-22 09:00,186.6,143.7,marcha
2026-09-22 10:00,186.1,142.3,marcha
2026-09-22 11:00,184.7,142.0,marcha
2026-09-22 12:00,185.5,143.8,marcha
2026-09-22 13:00,185.3,142.7,marcha
2026-09-22 14:00,184.6,141.8,marcha
2026-09-22 15:00,183.7,141.5,marcha
2026-09-22 16:00,184.7,139.9,marcha
2026-09-22 17:00,182.5,142.4,marcha
2026-09-22 18:00,183.2,141.2,marcha
2026-09-22 19:00,183.8,138.7,marcha
2026-09-22 20:00,185.2,142.4,marcha
2026-09-22 21:00,183.7,141.5,marcha
2026-09-22 22:00,184.1,139.9,marcha
2026-09-22 23:00,184.4,141.9,marcha
2026-09-23 00:00,185.9,142.9,marcha
2026-09-23 01:00,185.6,144.1,marcha
2026-09-23 02:00,185.4,144.0,marcha
2026-09-23 03:00,187.3,143.1,marcha
2026-09-23 04:00,185.3,142.6,marcha
2026-09-23 05:00,187.1,144.6,marcha
2026-09-23 06:00,45.0,8.3,parada
2026-09-23 07:00,46.6,8.9,parada
2026-09-23 08:00,44.2,8.1,parada
2026-09-23 09:00,188.4,144.2,marcha
2026-09-23 10:00,186.1,144.9,marcha
2026-09-23 11:00,185.5,144.8,marcha
2026-09-23 12:00,184.5,141.4,marcha
2026-09-23 13:00,185.1,143.2,marcha
2026-09-23 14:00,184.5,141.4,marcha
2026-09-23 15:00,182.1,139.7,marcha
2026-09-23 16:00,182.8,139.6,marcha
2026-09-23 17:00,183.5,139.7,marcha
2026-09-23 18:00,183.6,140.1,marcha
2026-09-23 19:00,182.8,140.2,marcha
2026-09-23 20:00,183.6,141.3,marcha
2026-09-23 21:00,183.2,140.3,marcha
2026-09-23 22:00,182.9,142.9,marcha
2026-09-23 23:00,185.6,141.3,marcha
2026-09-24 00:00,184.6,140.5,marcha
2026-09-24 01:00,185.7,142.8,marcha
2026-09-24 02:00,187.7,143.3,marcha
2026-09-24 03:00,185.8,140.5,marcha
2026-09-24 04:00,187.9,144.0,marcha
2026-09-24 05:00,185.6,144.1,marcha
2026-09-24 06:00,185.7,148.2,marcha
2026-09-24 07:00,187.8,144.6,marcha
2026-09-24 08:00,186.6,141.2,marcha
2026-09-24 09:00,186.3,141.5,marcha
2026-09-24 10:00,186.5,140.4,marcha
2026-09-24 11:00,184.8,144.0,marcha
2026-09-24 12:00,186.3,140.6,marcha
2026-09-24 13:00,183.3,142.5,marcha
2026-09-24 14:00,184.7,139.8,marcha
2026-09-24 15:00,183.0,139.8,marcha
2026-09-24 16:00,182.3,139.5,marcha
2026-09-24 17:00,184.1,140.9,marcha
2026-09-24 18:00,184.6,139.9,marcha
2026-09-24 19:00,183.0,138.9,marcha
2026-09-24 20:00,183.2,138.7,marcha
2026-09-24 21:00,182.2,141.4,marcha
2026-09-24 22:00,185.2,142.0,marcha
2026-09-24 23:00,185.5,141.8,marcha
2026-09-25 00:00,184.4,142.1,marcha
2026-09-25 01:00,185.2,141.2,marcha
2026-09-25 02:00,184.6,141.2,marcha
2026-09-25 03:00,186.4,143.6,marcha
2026-09-25 04:00,186.4,145.4,marcha
2026-09-25 05:00,187.1,144.6,marcha
2026-09-25 06:00,188.0,143.0,marcha
2026-09-25 07:00,185.4,144.8,marcha
2026-09-25 08:00,186.2,145.3,marcha
2026-09-25 09:00,186.7,144.6,marcha
2026-09-25 10:00,186.6,140.5,marcha
2026-09-25 11:00,186.1,141.7,marcha
2026-09-25 12:00,184.4,141.5,marcha
2026-09-25 13:00,185.1,142.5,marcha
2026-09-25 14:00,174.8,147.0,marcha
2026-09-25 15:00,165.6,151.7,marcha
2026-09-25 16:00,158.2,161.0,marcha
2026-09-25 17:00,157.5,160.4,marcha
2026-09-25 18:00,163.2,157.2,marcha
2026-09-25 19:00,172.4,147.1,marcha
2026-09-25 20:00,182.7,142.4,marcha
2026-09-25 21:00,184.5,140.4,marcha
2026-09-25 22:00,184.2,141.1,marcha
2026-09-25 23:00,184.6,141.2,marcha
2026-09-26 00:00,184.7,140.5,marcha
2026-09-26 01:00,185.0,144.5,marcha
2026-09-26 02:00,186.4,143.1,marcha
2026-09-26 03:00,186.2,143.5,marcha
2026-09-26 04:00,187.0,143.0,marcha
2026-09-26 05:00,187.1,144.2,marcha
2026-09-26 06:00,186.4,143.1,marcha
2026-09-26 07:00,186.1,142.7,marcha
2026-09-26 08:00,187.4,140.9,marcha
2026-09-26 09:00,186.2,142.7,marcha
2026-09-26 10:00,185.5,143.1,marcha
2026-09-26 11:00,186.4,142.6,marcha
2026-09-26 12:00,184.9,141.3,marcha
2026-09-26 13:00,184.4,142.6,marcha
2026-09-26 14:00,183.7,139.6,marcha
2026-09-26 15:00,182.6,139.3,marcha
2026-09-26 16:00,182.2,141.6,marcha
2026-09-26 17:00,183.4,139.8,marcha
2026-09-26 18:00,184.2,139.2,marcha
2026-09-26 19:00,183.7,141.0,marcha
2026-09-26 20:00,182.0,138.4,marcha
2026-09-26 21:00,182.8,141.7,marcha
2026-09-26 22:00,185.0,139.5,marcha
2026-09-26 23:00,185.3,141.0,marcha
2026-09-27 00:00,184.7,141.3,marcha
2026-09-27 01:00,185.3,140.3,marcha
2026-09-27 02:00,185.2,141.5,marcha
2026-09-27 03:00,186.8,145.9,marcha
2026-09-27 04:00,188.9,143.3,marcha
2026-09-27 05:00,185.6,143.4,marcha
2026-09-27 06:00,186.2,146.4,marcha
2026-09-27 07:00,187.4,143.1,marcha
2026-09-27 08:00,187.5,144.4,marcha
2026-09-27 09:00,185.1,142.8,marcha
2026-09-27 10:00,185.8,143.0,marcha
2026-09-27 11:00,185.6,142.1,marcha
2026-09-27 12:00,185.2,141.3,marcha
2026-09-27 13:00,183.8,143.3,marcha
2026-09-27 14:00,184.3,141.5,marcha
2026-09-27 15:00,182.3,140.4,marcha
2026-09-27 16:00,183.9,138.7,marcha
2026-09-27 17:00,183.9,139.6,marcha
2026-09-27 18:00,183.3,139.8,marcha
2026-09-27 19:00,183.2,141.5,marcha
2026-09-27 20:00,182.9,142.1,marcha
2026-09-27 21:00,183.0,139.5,marcha
2026-09-27 22:00,184.6,139.7,marcha
2026-09-27 23:00,184.2,142.6,marcha
